-- MySQL dump 10.13  Distrib 5.7.17, for Win64 (x86_64)
--
-- Host: localhost    Database: proyecto
-- ------------------------------------------------------
-- Server version	5.7.21-log

/*!40101 SET @OLD_CHARACTER_SET_CLIENT=@@CHARACTER_SET_CLIENT */;
/*!40101 SET @OLD_CHARACTER_SET_RESULTS=@@CHARACTER_SET_RESULTS */;
/*!40101 SET @OLD_COLLATION_CONNECTION=@@COLLATION_CONNECTION */;
/*!40101 SET NAMES utf8 */;
/*!40103 SET @OLD_TIME_ZONE=@@TIME_ZONE */;
/*!40103 SET TIME_ZONE='+00:00' */;
/*!40014 SET @OLD_UNIQUE_CHECKS=@@UNIQUE_CHECKS, UNIQUE_CHECKS=0 */;
/*!40014 SET @OLD_FOREIGN_KEY_CHECKS=@@FOREIGN_KEY_CHECKS, FOREIGN_KEY_CHECKS=0 */;
/*!40101 SET @OLD_SQL_MODE=@@SQL_MODE, SQL_MODE='NO_AUTO_VALUE_ON_ZERO' */;
/*!40111 SET @OLD_SQL_NOTES=@@SQL_NOTES, SQL_NOTES=0 */;

--
-- Table structure for table `causado_por`
--

DROP TABLE IF EXISTS `causado_por`;
/*!40101 SET @saved_cs_client     = @@character_set_client */;
/*!40101 SET character_set_client = utf8 */;
CREATE TABLE `causado_por` (
  `idInforme` int(11) NOT NULL,
  `idEnfermedad` int(11) NOT NULL,
  `idMedicamento` int(11) NOT NULL,
  PRIMARY KEY (`idInforme`,`idEnfermedad`,`idMedicamento`)
) ENGINE=InnoDB DEFAULT CHARSET=utf8;
/*!40101 SET character_set_client = @saved_cs_client */;

--
-- Dumping data for table `causado_por`
--

LOCK TABLES `causado_por` WRITE;
/*!40000 ALTER TABLE `causado_por` DISABLE KEYS */;
INSERT INTO `causado_por` VALUES (1,3,1),(1,7,1),(2,14,2),(4,3,1),(4,7,1),(5,14,2),(7,3,1),(7,7,1);
/*!40000 ALTER TABLE `causado_por` ENABLE KEYS */;
UNLOCK TABLES;

--
-- Table structure for table `enfermedad_informe`
--

DROP TABLE IF EXISTS `enfermedad_informe`;
/*!40101 SET @saved_cs_client     = @@character_set_client */;
/*!40101 SET character_set_client = utf8 */;
CREATE TABLE `enfermedad_informe` (
  `idInforme` int(11) NOT NULL,
  `idEnfermedad` int(11) NOT NULL,
  PRIMARY KEY (`idInforme`,`idEnfermedad`)
) ENGINE=InnoDB DEFAULT CHARSET=utf8;
/*!40101 SET character_set_client = @saved_cs_client */;

--
-- Dumping data for table `enfermedad_informe`
--

LOCK TABLES `enfermedad_informe` WRITE;
/*!40000 ALTER TABLE `enfermedad_informe` DISABLE KEYS */;
INSERT INTO `enfermedad_informe` VALUES (1,1),(1,2),(1,3),(1,4),(1,5),(1,6),(1,7),(1,8),(1,9),(2,10),(2,11),(2,12),(2,13),(2,14),(2,15),(2,16),(2,17),(2,18),(2,19),(2,20),(2,21),(2,22),(2,23),(2,24),(2,25),(2,26),(2,27),(3,28),(3,29),(3,30),(3,31),(3,32),(3,33),(4,1),(4,2),(4,3),(4,4),(4,5),(4,6),(4,7),(4,8),(4,9),(5,10),(5,11),(5,12),(5,13),(5,14),(5,15),(5,16),(5,17),(5,18),(5,19),(5,20),(5,21),(5,22),(5,23),(5,24),(5,25),(5,26),(5,27),(6,28),(6,29),(6,30),(6,31),(6,32),(6,33),(7,1),(7,2),(7,3),(7,4),(7,5),(7,6),(7,7),(7,8),(7,9);
/*!40000 ALTER TABLE `enfermedad_informe` ENABLE KEYS */;
UNLOCK TABLES;

--
-- Table structure for table `enfermedades`
--

DROP TABLE IF EXISTS `enfermedades`;
/*!40101 SET @saved_cs_client     = @@character_set_client */;
/*!40101 SET character_set_client = utf8 */;
CREATE TABLE `enfermedades` (
  `id` int(11) NOT NULL AUTO_INCREMENT,
  `descripcion` varchar(500) DEFAULT NULL,
  PRIMARY KEY (`id`)
) ENGINE=InnoDB AUTO_INCREMENT=34 DEFAULT CHARSET=utf8;
/*!40101 SET character_set_client = @saved_cs_client */;

--
-- Dumping data for table `enfermedades`
--

LOCK TABLES `enfermedades` WRITE;
/*!40000 ALTER TABLE `enfermedades` DISABLE KEYS */;
INSERT INTO `enfermedades` VALUES (1,'DIABETES TIPO1'),(2,'CETONURIA'),(3,'HIPOGLUCEMIAS'),(4,'DM1'),(5,'ENFERMEDAD AUTOINMUNE CR√ìNICA'),(6,'DEFICIENCIA ABSOLUTA DE INSULINA'),(7,'HIPOGLICEMIA'),(8,'ENFERMEDAD TIROIDEA'),(9,'ENFERMEDAD CEL√çACA'),(10,'ANOVULACI√ìN'),(11,'HIPERANDROGENISMO CL√çNICO'),(12,'OVARIO POLIQU√çSTICO'),(13,'S√çNDROME'),(14,'DIABETES MELLITUS TIPO 2'),(15,'S√çNDROME METAB√ìLICO'),(16,'OBESIDAD ABDOMINAL'),(17,'OBESIDAD'),(18,'HIRSUTISMO'),(19,'S√çNDROME DEL OVARIO POLIQU√çSTICO'),(20,'SOP'),(21,'INFERTILIDAD POR ANOVULACI√ìN'),(22,'OLIGO OVULACI√ìN'),(23,'HIPERANDROGENISMO BIOQU√çMICO'),(24,'ENFERMEDAD CARDIOVASCULAR'),(25,'ALTERACIONES METAB√ìLICAS'),(26,'RESISTENCIA A INSULINA'),(27,'ALTERACI√ìN MENSTRUAL'),(28,'FIBRILACI√ìN AURICULAR LENTA'),(29,'INSUFICIENCIA RENAL'),(30,'BRADIARRITMIAS SECUNDARIAS A F√ÅRMACOS'),(31,'BRSF'),(32,'FA'),(33,'ALTERACIONES DEL POTASIO');
/*!40000 ALTER TABLE `enfermedades` ENABLE KEYS */;
UNLOCK TABLES;

--
-- Table structure for table `hospitales`
--

DROP TABLE IF EXISTS `hospitales`;
/*!40101 SET @saved_cs_client     = @@character_set_client */;
/*!40101 SET character_set_client = utf8 */;
CREATE TABLE `hospitales` (
  `id` int(11) NOT NULL AUTO_INCREMENT,
  `descripcion` varchar(500) DEFAULT NULL,
  PRIMARY KEY (`id`)
) ENGINE=InnoDB AUTO_INCREMENT=3 DEFAULT CHARSET=utf8;
/*!40101 SET character_set_client = @saved_cs_client */;

--
-- Dumping data for table `hospitales`
--

LOCK TABLES `hospitales` WRITE;
/*!40000 ALTER TABLE `hospitales` DISABLE KEYS */;
INSERT INTO `hospitales` VALUES (1,'Basurto'),(2,'Cruces');
/*!40000 ALTER TABLE `hospitales` ENABLE KEYS */;
UNLOCK TABLES;

--
-- Table structure for table `informes`
--

DROP TABLE IF EXISTS `informes`;
/*!40101 SET @saved_cs_client     = @@character_set_client */;
/*!40101 SET character_set_client = utf8 */;
CREATE TABLE `informes` (
  `id` int(11) NOT NULL AUTO_INCREMENT,
  `fichero_ann` blob,
  `fichero_txt` blob,
  `fecha` date DEFAULT NULL,
  `idHospital` int(11) DEFAULT NULL,
  PRIMARY KEY (`id`)
) ENGINE=InnoDB AUTO_INCREMENT=8 DEFAULT CHARSET=utf8mb4;
/*!40101 SET character_set_client = @saved_cs_client */;

--
-- Dumping data for table `informes`
--

LOCK TABLES `informes` WRITE;
/*!40000 ALTER TABLE `informes` DISABLE KEYS */;
INSERT INTO `informes` VALUES (1,'¨\Ì\0sr\0>org.springframework.web.multipart.commons.CommonsMultipartFileÄÕéáù\◊\0J\0sizeL\0fileItemt\0(Lorg/apache/commons/fileupload/FileItem;xp\0\0\0\0\0\0≤sr\0/org.apache.commons.fileupload.disk.DiskFileItem\rr&Éöàq\0\nZ\0isFormFieldJ\0sizeI\0\rsizeThreshold[\0\rcachedContentt\0[BL\0contentTypet\0Ljava/lang/String;L\0dfosFilet\0Ljava/io/File;L\0	fieldNameq\0~\0L\0fileNameq\0~\0L\0headerst\0/Lorg/apache/commons/fileupload/FileItemHeaders;L\0\nrepositoryq\0~\0xp\0ˇˇˇˇˇˇˇˇ\0\0(\0ur\0[B¨Û¯T\‡\0\0xp\0\0≤T1	Grp_Enfermedad 3 17	diabetes tipo1\nT3	Estructura_Corporal 116 138	c√©lulas Œ≤ pancre√°ticas\nT11	Grp_Enfermedad 319 328	cetonuria\nT13	Grp_Medicamento 432 440	insulina\nT15	Grp_Enfermedad 575 588	hipoglucemias\nT18	Grp_Enfermedad 19 22	DM1\nE1	Grp_Enfermedad:T18 Tratamiento:T13\nT2	Grp_Enfermedad 31 60	enfermedad autoinmune cr√≥nica\nE2	Grp_Enfermedad:T2 \nT4	Grp_Enfermedad 157 189	deficiencia absoluta de insulina\nE3	Grp_Enfermedad:T4 Tratamiento:T13 Causada_por:E8 Causada_por2:E1 Tratamiento2:T12\nT5	Grp_Enfermedad 356 368	hipoglicemia\nE4	Grp_Enfermedad:T5 Causada_por:T13 Causada_por2:T12\nT6	Grp_Enfermedad 622 641	enfermedad tiroidea\nE5	Grp_Enfermedad:T6 \nT7	Grp_Enfermedad 622 632;644 651	enfermedad cel√≠aca\nE6	Grp_Enfermedad:T7 \nT8	Grp_Enfermedad 966 969	DM1\nE7	Grp_Enfermedad:T8 Tratamiento:T13 Tratamiento2:T12\nE8	Grp_Enfermedad:T1 Tratamiento:T13\nE9	Grp_Enfermedad:T15 Causada_por:T13 Causada_por2:T12\nT9	Abreviatura 19 21	DM\n#1	AnnotatorNotes T9	sigla: diabetes mellitus (contexto), densitometr√≠a, dermatomiositis, duramadre\nT10	Abreviatura 966 968	DM\n#2	AnnotatorNotes T10	sigla: diabetes mellitus (contexto), densitometr√≠a, dermatomiositis, duramadre\nT12	Grp_Medicamento 273 281	insulina\nt\0application/octet-streampt\0ficherost\0100147_10-12-2013.annpsr\0java.io.File-§E\r\‰ˇ\0L\0pathq\0~\0xpt\0{C:\\Users\\leire\\Desktop\\Proyecto\\.metadata\\.plugins\\org.eclipse.wst.server.core\\tmp0\\work\\Catalina\\localhost\\GestionInformesw\0\\xx','¨\Ì\0sr\0>org.springframework.web.multipart.commons.CommonsMultipartFileÄÕéáù\◊\0J\0sizeL\0fileItemt\0(Lorg/apache/commons/fileupload/FileItem;xp\0\0\0\0\0\0\„sr\0/org.apache.commons.fileupload.disk.DiskFileItem\rr&Éöàq\0\nZ\0isFormFieldJ\0sizeI\0\rsizeThreshold[\0\rcachedContentt\0[BL\0contentTypet\0Ljava/lang/String;L\0dfosFilet\0Ljava/io/File;L\0	fieldNameq\0~\0L\0fileNameq\0~\0L\0headerst\0/Lorg/apache/commons/fileupload/FileItemHeaders;L\0\nrepositoryq\0~\0xp\0ˇˇˇˇˇˇˇˇ\0\0(\0ur\0[B¨Û¯T\‡\0\0xp\0\0\„La diabetes tipo1 (DM1) es una enfermedad autoinmune cr√≥nica en la que se produce una destrucci√≥n progresiva de las c√©lulas Œ≤ pancre√°ticas que conduce a una deficiencia absoluta de insulina.\n\nEl manejo al principio incluye educaci√≥n diabetol√≥gica b√°sica (administraci√≥n de insulina, determinaci√≥n de glucemia capilar y cetonuria, prevenci√≥n y manejo de la hipoglicemia...). \nMediante la instauraci√≥n de un tratamiento intensivo con insulina se persigue el objetivo de mantener los niveles de glucemia lo m√°s pr√≥ximos a la normalidad de forma segura, evitando la aparici√≥n de hipoglucemias. \nSe recomienda el cribado de la enfermedad tiroidea y cel√≠aca al inicio, pero no la determinaci√≥n de los anticuerpos antipancre√°ticos. \nLa prueba de la tolerancia oral a la comida mixta es la de elecci√≥n para valorar la funci√≥n pancre√°tica, pero no se utiliza de forma rutinaria en la pr√°ctica cl√≠nica habitual y suele reservarse para estudios de intervenci√≥n al inicio de la DM1.\nt\0\ntext/plainpt\0ficherost\0100147_10-12-2013.txtpsr\0java.io.File-§E\r\‰ˇ\0L\0pathq\0~\0xpt\0{C:\\Users\\leire\\Desktop\\Proyecto\\.metadata\\.plugins\\org.eclipse.wst.server.core\\tmp0\\work\\Catalina\\localhost\\GestionInformesw\0\\xx','2013-12-10',1),(2,'¨\Ì\0sr\0>org.springframework.web.multipart.commons.CommonsMultipartFileÄÕéáù\◊\0J\0sizeL\0fileItemt\0(Lorg/apache/commons/fileupload/FileItem;xp\0\0\0\0\0\0äsr\0/org.apache.commons.fileupload.disk.DiskFileItem\rr&Éöàq\0\nZ\0isFormFieldJ\0sizeI\0\rsizeThreshold[\0\rcachedContentt\0[BL\0contentTypet\0Ljava/lang/String;L\0dfosFilet\0Ljava/io/File;L\0	fieldNameq\0~\0L\0fileNameq\0~\0L\0headerst\0/Lorg/apache/commons/fileupload/FileItemHeaders;L\0\nrepositoryq\0~\0xp\0ˇˇˇˇˇˇˇˇ\0\0(\0ur\0[B¨Û¯T\‡\0\0xp\0\0äT6	Grp_Enfermedad 304 315	anovulaci√≥n\nT7	Grp_Enfermedad 317 342	hiperandrogenismo cl√≠nico\nT8	Grp_Enfermedad 361 380	ovario poliqu√≠stico\nT9	Grp_Enfermedad 393 401	s√≠ndrome\nT10	Grp_Enfermedad 465 489	diabetes mellitus tipo 2\nT11	Grp_Enfermedad 631 650	s√≠ndrome metab√≥lico\nT14	Grp_Enfermedad 710 729	s√≠ndrome metab√≥lico\nT15	Grp_Enfermedad 839 858	s√≠ndrome metab√≥lico\nT16	Grp_Enfermedad 912 930	obesidad abdominal\nT18	Grp_Enfermedad 1014 1022	obesidad\nT19	Grp_Enfermedad 1150 1160	hirsutismo\nT20	Grp_Enfermedad 1260 1284	diabetes mellitus tipo 2\nT21	Grp_Enfermedad 1378 1402	diabetes mellitus tipo 2\nT23	Grp_Medicamento 1509 1534	f√°rmacos hipoglucemiantes\nT1	Grp_Enfermedad 3 35	s√≠ndrome del ovario poliqu√≠stico\nE1	Grp_Enfermedad:T1 \nT2	Grp_Enfermedad 37 40	SOP\nE2	Grp_Enfermedad:T2 \nT3	Grp_Enfermedad 140 168	infertilidad por anovulaci√≥n\nE3	Grp_Enfermedad:T3 Causada_por:E2 Causada_por2:E1\nT5	Grp_Enfermedad 298 303;306 315	oligo ovulaci√≥n\nE5	Grp_Enfermedad:T5 \nT27	Grp_Enfermedad 317 334;347 357	hiperandrogenismo bioqu√≠mico\nE6	Grp_Enfermedad:T27 \nT28	Grp_Enfermedad 507 532	enfermedad cardiovascular\nE7	Grp_Enfermedad:T28 \nT29	Grp_Enfermedad 572 575	SOP\nE8	Grp_Enfermedad:T29 \nT30	Grp_Enfermedad 604 628	alteraciones metab√≥licas\nE9	Grp_Enfermedad:T30 Causada_por:E10\nT12	Grp_Enfermedad 680 702	resistencia a insulina\nE10	Grp_Enfermedad:T12 \nT13	Grp_Enfermedad 741 744	SOP\nE11	Grp_Enfermedad:T13 \nE12	Grp_Enfermedad:T11 Causada_por:E10\nE13	Grp_Enfermedad:T14 Causada_por:E11\nT17	Grp_Enfermedad 1008 1011	SOP\nE14	Grp_Enfermedad:T17 \nT31	Grp_Enfermedad 1169 1189	alteraci√≥n menstrual\nE15	Grp_Enfermedad:T31 \nT32	Grp_Enfermedad 1303 1328	enfermedad cardiovascular\nE16	Grp_Enfermedad:T32 \nE17	Grp_Enfermedad:T21 Tratamiento:T23\nE18	Grp_Enfermedad:T20 Causada_por:T23\nE19	Grp_Enfermedad:T10 Tratamiento:T23\nT22	Abreviatura 37 40	SOP\n#1	AnnotatorNotes T22	sigla: S√≠ndrome del ovario poliqu√≠stico\nT24	Abreviatura 572 575	SOP\n#2	AnnotatorNotes T24	sigla: S√≠ndrome del ovario poliqu√≠stico\nT25	Abreviatura 741 744	SOP\n#3	AnnotatorNotes T25	sigla: S√≠ndrome del ovario poliqu√≠stico\nT26	Abreviatura 1008 1011	SOP\n#4	AnnotatorNotes T26	sigla: S√≠ndrome del ovario poliqu√≠stico\nt\0application/octet-streampt\0ficherost\0100159_21-12-2013.annpsr\0java.io.File-§E\r\‰ˇ\0L\0pathq\0~\0xpt\0{C:\\Users\\leire\\Desktop\\Proyecto\\.metadata\\.plugins\\org.eclipse.wst.server.core\\tmp0\\work\\Catalina\\localhost\\GestionInformesw\0\\xx','¨\Ì\0sr\0>org.springframework.web.multipart.commons.CommonsMultipartFileÄÕéáù\◊\0J\0sizeL\0fileItemt\0(Lorg/apache/commons/fileupload/FileItem;xp\0\0\0\0\0\0dsr\0/org.apache.commons.fileupload.disk.DiskFileItem\rr&Éöàq\0\nZ\0isFormFieldJ\0sizeI\0\rsizeThreshold[\0\rcachedContentt\0[BL\0contentTypet\0Ljava/lang/String;L\0dfosFilet\0Ljava/io/File;L\0	fieldNameq\0~\0L\0fileNameq\0~\0L\0headerst\0/Lorg/apache/commons/fileupload/FileItemHeaders;L\0\nrepositoryq\0~\0xp\0ˇˇˇˇˇˇˇˇ\0\0(\0ur\0[B¨Û¯T\‡\0\0xp\0\0dEl s√≠ndrome del ovario poliqu√≠stico (SOP) es un trastorno muy prevalente, en mujeres j√≥venes, que se presume como la causa m√°s frecuente de infertilidad por anovulaci√≥n. \nUn nuevo consenso en 2003 ha establecido como diagn√≥stico la presencia de 2 de los 3 criterios que caracterizan este s√≠ndrome: oligo/anovulaci√≥n, hiperandrogenismo cl√≠nico y/o bioqu√≠mico, y ovario poliqu√≠stico. \nPero este s√≠ndrome tambi√©n est√° asociado con un aumento en el riesgo de presentar diabetes mellitus tipo 2 y, posiblemente, enfermedad cardiovascular. \nEn un gran porcentaje de mujeres con SOP se identifican una serie de alteraciones metab√≥licas o s√≠ndrome metab√≥lico en cuya base se encuentra la resistencia a insulina. \nEste s√≠ndrome metab√≥lico asociado a SOP modifica profundamente nuestro enfoque cl√≠nico y terap√©utico. \nEn primer lugar, un cribado de s√≠ndrome metab√≥lico (glucemia basal, perfil lip√≠dico, presi√≥n arterial y obesidad abdominal) y prueba de tolerancia a la glucosa, se recomienda en todas las mujeres con SOP y obesidad, si bien la utilidad de estos estudios no est√° bien determinada en el normopeso. \nEn segundo lugar, aparte del tratamiento del hirsutismo y de la alteraci√≥n menstrual, los objetivos de tratamiento se deben centrar en la prevenci√≥n de la diabetes mellitus tipo 2 y posiblemente la enfermedad cardiovascular. \nFinalmente, en el objetivo de la prevenci√≥n de diabetes mellitus tipo 2, la modificaci√≥n de h√°bitos diet√©ticos y ejercicio f√≠sico son el pilar del tratamiento, y actualmente los f√°rmacos hipoglucemiantes que aumentan la sensibilidad a insulina tienen un papel adyuvante.\nt\0\ntext/plainpt\0ficherost\0100159_21-12-2013.txtpsr\0java.io.File-§E\r\‰ˇ\0L\0pathq\0~\0xpt\0{C:\\Users\\leire\\Desktop\\Proyecto\\.metadata\\.plugins\\org.eclipse.wst.server.core\\tmp0\\work\\Catalina\\localhost\\GestionInformesw\0\\xx','2013-12-21',1),(3,'¨\Ì\0sr\0>org.springframework.web.multipart.commons.CommonsMultipartFileÄÕéáù\◊\0J\0sizeL\0fileItemt\0(Lorg/apache/commons/fileupload/FileItem;xp\0\0\0\0\0\0πsr\0/org.apache.commons.fileupload.disk.DiskFileItem\rr&Éöàq\0\nZ\0isFormFieldJ\0sizeI\0\rsizeThreshold[\0\rcachedContentt\0[BL\0contentTypet\0Ljava/lang/String;L\0dfosFilet\0Ljava/io/File;L\0	fieldNameq\0~\0L\0fileNameq\0~\0L\0headerst\0/Lorg/apache/commons/fileupload/FileItemHeaders;L\0\nrepositoryq\0~\0xp\0ˇˇˇˇˇˇˇˇ\0\0(\0ur\0[B¨Û¯T\‡\0\0xp\0\0πT3	Grp_Enfermedad 573 594;600 605	fibrilaci√≥n auricular lenta\nT4	Grp_Medicamento 645 652	f√°rmaco\nT5	Grp_Medicamento 695 703	digoxina\nT8	Grp_Medicamento 838 868	f√°rmacos cronotropos negativos\nT9	Grp_Medicamento 906 915	diur√©tico\nT12	Grp_medicamento_con_abreviatura 974 978	IECA\nT13	Grp_Enfermedad 1003 1022	insuficiencia renal\nT15	Grp_Enfermedad 1203 1222	insuficiencia renal\nT16	Grp_Enfermedad 48 85	bradiarritmias secundarias a f√°rmacos\nE1	Grp_Enfermedad:T16 Causada_por2:T5 Causada_por3:T8 Causada_por4:T9 Causada_por5:T6 Causada_por6:T12\nT17	Grp_Enfermedad 87 91	BRSF\nE2	Grp_Enfermedad:T17 Causada_por:T5 Causada_por2:T8 Causada_por3:T9 Causada_por4:T6 Causada_por5:T12\nT2	Grp_Enfermedad 219 223	BRSF\nE3	Grp_Enfermedad:T2 Causada_por:T5 Causada_por2:T8 Causada_por3:T9 Causada_por4:T6 Causada_por5:T12\nT18	Grp_Enfermedad 308 312	BRSF\nE4	Grp_Enfermedad:T18 Causada_por:T5 Causada_por2:T8 Causada_por3:T9 Causada_por4:T6 Causada_por5:T12\nT19	Grp_Enfermedad 547 551	BRSF\nE5	Grp_Enfermedad:T19 Causada_por:T5 Causada_por2:T8 Causada_por3:T9 Causada_por4:T6 Causada_por5:T12\nT20	Grp_Enfermedad 596 598	FA\nE6	Grp_Enfermedad:T20 \nT21	Grp_Enfermedad 623 627	BRSF\nE7	Grp_Enfermedad:T21 Causada_por:T4 Causada_por2:T5 Causada_por3:T8 Causada_por4:T9 Causada_por5:T6 Causada_por6:T12\nE8	Grp_Enfermedad:T3 Causada_por:T8 Causada_por2:T5 Causada_por3:T9 Causada_por4:T6 Causada_por5:T12\nT6	Grp_Medicamento 920 972	inhibidor de la enzima conversiva de la angiotensina\nT10	Grp_Enfermedad 1027 1051	alteraciones del potasio\nE9	Grp_Enfermedad:T10 Causada_por:T9 Causada_por2:T6 Causada_por3:T12\nE10	Grp_Enfermedad:T13 Causada_por:T9 Causada_por2:T6 Causada_por3:T12\nT11	Grp_Enfermedad 1072 1076	BRSF\nE11	Grp_Enfermedad:T11 Causada_por:T14 Causada_por2:T15 Causada_por3:T12 Causada_por4:T6 Causada_por5:T9 Causada_por6:T8 Causada_por7:T5\nT14	Grp_Medicamento 1171 1198	asociaciones farmacol√≥gicas\nE12	Grp_Enfermedad:T15 Causada_por:T12 Causada_por2:T6 Causada_por3:T9\n#1	AnnotatorNotes T12	sigla: inhibidor del enzima conversor de la angiotensina\nT7	Abreviatura 87 91	BRSF\n#2	AnnotatorNotes T7	abreviatura no oficial: bradiarritmias secundarias a f√°rmacos\nT22	Abreviatura 219 223	BRSF\n#3	AnnotatorNotes T22	abreviatura no oficial: bradiarritmias secundarias a f√°rmacos\nT23	Abreviatura 308 312	BRSF\n#4	AnnotatorNotes T23	abreviatura no oficial: bradiarritmias secundarias a f√°rmacos\nT24	Abreviatura 547 551	BRSF\n#5	AnnotatorNotes T24	abreviatura no oficial: bradiarritmias secundarias a f√°rmacos\nT25	Abreviatura 596 598	FA\n#6	AnnotatorNotes T25	sigla: fibrilaci√≥n auricular (contexto), faringoscopia anterior, farmacoactivo, fase acelerada, fecha de alta, femoroacetabular, fibroadenoma, flutter auricular, foco a√≥rtico, fontanela anterior, fosfatasa √°cida, fosfatasa alcalina\nT26	Abreviatura 623 627	BRSF\n#7	AnnotatorNotes T26	abreviatura no oficial: bradiarritmias secundarias a f√°rmacos\nT1	Abreviatura 1072 1076	BRSF\n#8	AnnotatorNotes T1	abreviatura no oficial: bradiarritmias secundarias a f√°rmacos\nt\0application/octet-streampt\0ficherost\0103581_08-02-2015.annpsr\0java.io.File-§E\r\‰ˇ\0L\0pathq\0~\0xpt\0{C:\\Users\\leire\\Desktop\\Proyecto\\.metadata\\.plugins\\org.eclipse.wst.server.core\\tmp0\\work\\Catalina\\localhost\\GestionInformesw\0\\xx','¨\Ì\0sr\0>org.springframework.web.multipart.commons.CommonsMultipartFileÄÕéáù\◊\0J\0sizeL\0fileItemt\0(Lorg/apache/commons/fileupload/FileItem;xp\0\0\0\0\0\0\ﬁsr\0/org.apache.commons.fileupload.disk.DiskFileItem\rr&Éöàq\0\nZ\0isFormFieldJ\0sizeI\0\rsizeThreshold[\0\rcachedContentt\0[BL\0contentTypet\0Ljava/lang/String;L\0dfosFilet\0Ljava/io/File;L\0	fieldNameq\0~\0L\0fileNameq\0~\0L\0headerst\0/Lorg/apache/commons/fileupload/FileItemHeaders;L\0\nrepositoryq\0~\0xp\0ˇˇˇˇˇˇˇˇ\0\0(\0ur\0[B¨Û¯T\‡\0\0xp\0\0\ﬁFundamento y objetivo: La informaci√≥n sobre las bradiarritmias secundarias a f√°rmacos (BRSF) causantes de ingresos hospitalarios es escasa. \nEl objetivo de este trabajo fue estimar la magnitud y las consecuencias de la BRSF en nuestro √°mbito. \nPacientes y m√©todo: An√°lisis retrospectivo de los pacientes con BRSF ingresados en los Servicios de Cardiolog√≠a (SC) y Medicina Interna (SMI) de un hospital terciario durante dos a√±os consecutivos. \nResultados: Hallamos 83 casos (edad media: 72,68 a√±os), de los que el 75,9% correspondi√≥ a mujeres. \nLa BRSF m√°s frecuente fue la fibrilaci√≥n auricular (FA) lenta (55,4%). \nDichas BRSF se debieron a un f√°rmaco en 41 casos y a una asociaci√≥n en 42. \nLa digoxina fue el f√°rmaco m√°s frecuentemente implicado (62,7%), a menudo asociada a otro f√°rmaco (69,3%). \nLa asociaci√≥n m√°s frecuente fue la de f√°rmacos cronotropos negativos (58%), seguida de la de √©stos con un diur√©tico y/o inhibidor de la enzima conversiva de la angiotensina (IECA) (42,8%), condicionando insuficiencia renal y/o alteraciones del potasio. \nConclusiones: Las BRSF son un frecuente motivo de ingreso en personas mayores, sobre todo mujeres, a menudo debido a asociaciones farmacol√≥gicas y/o insuficiencia renal.\nt\0\ntext/plainpt\0ficherost\0103581_08-02-2015.txtpsr\0java.io.File-§E\r\‰ˇ\0L\0pathq\0~\0xpt\0{C:\\Users\\leire\\Desktop\\Proyecto\\.metadata\\.plugins\\org.eclipse.wst.server.core\\tmp0\\work\\Catalina\\localhost\\GestionInformesw\0\\xx','2015-02-08',1),(4,'¨\Ì\0sr\0>org.springframework.web.multipart.commons.CommonsMultipartFileÄÕéáù\◊\0J\0sizeL\0fileItemt\0(Lorg/apache/commons/fileupload/FileItem;xp\0\0\0\0\0\0≤sr\0/org.apache.commons.fileupload.disk.DiskFileItem\rr&Éöàq\0\nZ\0isFormFieldJ\0sizeI\0\rsizeThreshold[\0\rcachedContentt\0[BL\0contentTypet\0Ljava/lang/String;L\0dfosFilet\0Ljava/io/File;L\0	fieldNameq\0~\0L\0fileNameq\0~\0L\0headerst\0/Lorg/apache/commons/fileupload/FileItemHeaders;L\0\nrepositoryq\0~\0xp\0ˇˇˇˇˇˇˇˇ\0\0(\0ur\0[B¨Û¯T\‡\0\0xp\0\0≤T1	Grp_Enfermedad 3 17	diabetes tipo1\nT3	Estructura_Corporal 116 138	c√©lulas Œ≤ pancre√°ticas\nT11	Grp_Enfermedad 319 328	cetonuria\nT13	Grp_Medicamento 432 440	insulina\nT15	Grp_Enfermedad 575 588	hipoglucemias\nT18	Grp_Enfermedad 19 22	DM1\nE1	Grp_Enfermedad:T18 Tratamiento:T13\nT2	Grp_Enfermedad 31 60	enfermedad autoinmune cr√≥nica\nE2	Grp_Enfermedad:T2 \nT4	Grp_Enfermedad 157 189	deficiencia absoluta de insulina\nE3	Grp_Enfermedad:T4 Tratamiento:T13 Causada_por:E8 Causada_por2:E1 Tratamiento2:T12\nT5	Grp_Enfermedad 356 368	hipoglicemia\nE4	Grp_Enfermedad:T5 Causada_por:T13 Causada_por2:T12\nT6	Grp_Enfermedad 622 641	enfermedad tiroidea\nE5	Grp_Enfermedad:T6 \nT7	Grp_Enfermedad 622 632;644 651	enfermedad cel√≠aca\nE6	Grp_Enfermedad:T7 \nT8	Grp_Enfermedad 966 969	DM1\nE7	Grp_Enfermedad:T8 Tratamiento:T13 Tratamiento2:T12\nE8	Grp_Enfermedad:T1 Tratamiento:T13\nE9	Grp_Enfermedad:T15 Causada_por:T13 Causada_por2:T12\nT9	Abreviatura 19 21	DM\n#1	AnnotatorNotes T9	sigla: diabetes mellitus (contexto), densitometr√≠a, dermatomiositis, duramadre\nT10	Abreviatura 966 968	DM\n#2	AnnotatorNotes T10	sigla: diabetes mellitus (contexto), densitometr√≠a, dermatomiositis, duramadre\nT12	Grp_Medicamento 273 281	insulina\nt\0application/octet-streampt\0ficherost\0100147_10-12-2013.annpsr\0java.io.File-§E\r\‰ˇ\0L\0pathq\0~\0xpt\0{C:\\Users\\leire\\Desktop\\Proyecto\\.metadata\\.plugins\\org.eclipse.wst.server.core\\tmp0\\work\\Catalina\\localhost\\GestionInformesw\0\\xx','¨\Ì\0sr\0>org.springframework.web.multipart.commons.CommonsMultipartFileÄÕéáù\◊\0J\0sizeL\0fileItemt\0(Lorg/apache/commons/fileupload/FileItem;xp\0\0\0\0\0\0\„sr\0/org.apache.commons.fileupload.disk.DiskFileItem\rr&Éöàq\0\nZ\0isFormFieldJ\0sizeI\0\rsizeThreshold[\0\rcachedContentt\0[BL\0contentTypet\0Ljava/lang/String;L\0dfosFilet\0Ljava/io/File;L\0	fieldNameq\0~\0L\0fileNameq\0~\0L\0headerst\0/Lorg/apache/commons/fileupload/FileItemHeaders;L\0\nrepositoryq\0~\0xp\0ˇˇˇˇˇˇˇˇ\0\0(\0ur\0[B¨Û¯T\‡\0\0xp\0\0\„La diabetes tipo1 (DM1) es una enfermedad autoinmune cr√≥nica en la que se produce una destrucci√≥n progresiva de las c√©lulas Œ≤ pancre√°ticas que conduce a una deficiencia absoluta de insulina.\n\nEl manejo al principio incluye educaci√≥n diabetol√≥gica b√°sica (administraci√≥n de insulina, determinaci√≥n de glucemia capilar y cetonuria, prevenci√≥n y manejo de la hipoglicemia...). \nMediante la instauraci√≥n de un tratamiento intensivo con insulina se persigue el objetivo de mantener los niveles de glucemia lo m√°s pr√≥ximos a la normalidad de forma segura, evitando la aparici√≥n de hipoglucemias. \nSe recomienda el cribado de la enfermedad tiroidea y cel√≠aca al inicio, pero no la determinaci√≥n de los anticuerpos antipancre√°ticos. \nLa prueba de la tolerancia oral a la comida mixta es la de elecci√≥n para valorar la funci√≥n pancre√°tica, pero no se utiliza de forma rutinaria en la pr√°ctica cl√≠nica habitual y suele reservarse para estudios de intervenci√≥n al inicio de la DM1.\nt\0\ntext/plainpt\0ficherost\0100147_10-12-2013.txtpsr\0java.io.File-§E\r\‰ˇ\0L\0pathq\0~\0xpt\0{C:\\Users\\leire\\Desktop\\Proyecto\\.metadata\\.plugins\\org.eclipse.wst.server.core\\tmp0\\work\\Catalina\\localhost\\GestionInformesw\0\\xx','2013-12-10',1),(5,'¨\Ì\0sr\0>org.springframework.web.multipart.commons.CommonsMultipartFileÄÕéáù\◊\0J\0sizeL\0fileItemt\0(Lorg/apache/commons/fileupload/FileItem;xp\0\0\0\0\0\0äsr\0/org.apache.commons.fileupload.disk.DiskFileItem\rr&Éöàq\0\nZ\0isFormFieldJ\0sizeI\0\rsizeThreshold[\0\rcachedContentt\0[BL\0contentTypet\0Ljava/lang/String;L\0dfosFilet\0Ljava/io/File;L\0	fieldNameq\0~\0L\0fileNameq\0~\0L\0headerst\0/Lorg/apache/commons/fileupload/FileItemHeaders;L\0\nrepositoryq\0~\0xp\0ˇˇˇˇˇˇˇˇ\0\0(\0ur\0[B¨Û¯T\‡\0\0xp\0\0äT6	Grp_Enfermedad 304 315	anovulaci√≥n\nT7	Grp_Enfermedad 317 342	hiperandrogenismo cl√≠nico\nT8	Grp_Enfermedad 361 380	ovario poliqu√≠stico\nT9	Grp_Enfermedad 393 401	s√≠ndrome\nT10	Grp_Enfermedad 465 489	diabetes mellitus tipo 2\nT11	Grp_Enfermedad 631 650	s√≠ndrome metab√≥lico\nT14	Grp_Enfermedad 710 729	s√≠ndrome metab√≥lico\nT15	Grp_Enfermedad 839 858	s√≠ndrome metab√≥lico\nT16	Grp_Enfermedad 912 930	obesidad abdominal\nT18	Grp_Enfermedad 1014 1022	obesidad\nT19	Grp_Enfermedad 1150 1160	hirsutismo\nT20	Grp_Enfermedad 1260 1284	diabetes mellitus tipo 2\nT21	Grp_Enfermedad 1378 1402	diabetes mellitus tipo 2\nT23	Grp_Medicamento 1509 1534	f√°rmacos hipoglucemiantes\nT1	Grp_Enfermedad 3 35	s√≠ndrome del ovario poliqu√≠stico\nE1	Grp_Enfermedad:T1 \nT2	Grp_Enfermedad 37 40	SOP\nE2	Grp_Enfermedad:T2 \nT3	Grp_Enfermedad 140 168	infertilidad por anovulaci√≥n\nE3	Grp_Enfermedad:T3 Causada_por:E2 Causada_por2:E1\nT5	Grp_Enfermedad 298 303;306 315	oligo ovulaci√≥n\nE5	Grp_Enfermedad:T5 \nT27	Grp_Enfermedad 317 334;347 357	hiperandrogenismo bioqu√≠mico\nE6	Grp_Enfermedad:T27 \nT28	Grp_Enfermedad 507 532	enfermedad cardiovascular\nE7	Grp_Enfermedad:T28 \nT29	Grp_Enfermedad 572 575	SOP\nE8	Grp_Enfermedad:T29 \nT30	Grp_Enfermedad 604 628	alteraciones metab√≥licas\nE9	Grp_Enfermedad:T30 Causada_por:E10\nT12	Grp_Enfermedad 680 702	resistencia a insulina\nE10	Grp_Enfermedad:T12 \nT13	Grp_Enfermedad 741 744	SOP\nE11	Grp_Enfermedad:T13 \nE12	Grp_Enfermedad:T11 Causada_por:E10\nE13	Grp_Enfermedad:T14 Causada_por:E11\nT17	Grp_Enfermedad 1008 1011	SOP\nE14	Grp_Enfermedad:T17 \nT31	Grp_Enfermedad 1169 1189	alteraci√≥n menstrual\nE15	Grp_Enfermedad:T31 \nT32	Grp_Enfermedad 1303 1328	enfermedad cardiovascular\nE16	Grp_Enfermedad:T32 \nE17	Grp_Enfermedad:T21 Tratamiento:T23\nE18	Grp_Enfermedad:T20 Causada_por:T23\nE19	Grp_Enfermedad:T10 Tratamiento:T23\nT22	Abreviatura 37 40	SOP\n#1	AnnotatorNotes T22	sigla: S√≠ndrome del ovario poliqu√≠stico\nT24	Abreviatura 572 575	SOP\n#2	AnnotatorNotes T24	sigla: S√≠ndrome del ovario poliqu√≠stico\nT25	Abreviatura 741 744	SOP\n#3	AnnotatorNotes T25	sigla: S√≠ndrome del ovario poliqu√≠stico\nT26	Abreviatura 1008 1011	SOP\n#4	AnnotatorNotes T26	sigla: S√≠ndrome del ovario poliqu√≠stico\nt\0application/octet-streampt\0ficherost\0100159_21-12-2013.annpsr\0java.io.File-§E\r\‰ˇ\0L\0pathq\0~\0xpt\0{C:\\Users\\leire\\Desktop\\Proyecto\\.metadata\\.plugins\\org.eclipse.wst.server.core\\tmp0\\work\\Catalina\\localhost\\GestionInformesw\0\\xx','¨\Ì\0sr\0>org.springframework.web.multipart.commons.CommonsMultipartFileÄÕéáù\◊\0J\0sizeL\0fileItemt\0(Lorg/apache/commons/fileupload/FileItem;xp\0\0\0\0\0\0dsr\0/org.apache.commons.fileupload.disk.DiskFileItem\rr&Éöàq\0\nZ\0isFormFieldJ\0sizeI\0\rsizeThreshold[\0\rcachedContentt\0[BL\0contentTypet\0Ljava/lang/String;L\0dfosFilet\0Ljava/io/File;L\0	fieldNameq\0~\0L\0fileNameq\0~\0L\0headerst\0/Lorg/apache/commons/fileupload/FileItemHeaders;L\0\nrepositoryq\0~\0xp\0ˇˇˇˇˇˇˇˇ\0\0(\0ur\0[B¨Û¯T\‡\0\0xp\0\0dEl s√≠ndrome del ovario poliqu√≠stico (SOP) es un trastorno muy prevalente, en mujeres j√≥venes, que se presume como la causa m√°s frecuente de infertilidad por anovulaci√≥n. \nUn nuevo consenso en 2003 ha establecido como diagn√≥stico la presencia de 2 de los 3 criterios que caracterizan este s√≠ndrome: oligo/anovulaci√≥n, hiperandrogenismo cl√≠nico y/o bioqu√≠mico, y ovario poliqu√≠stico. \nPero este s√≠ndrome tambi√©n est√° asociado con un aumento en el riesgo de presentar diabetes mellitus tipo 2 y, posiblemente, enfermedad cardiovascular. \nEn un gran porcentaje de mujeres con SOP se identifican una serie de alteraciones metab√≥licas o s√≠ndrome metab√≥lico en cuya base se encuentra la resistencia a insulina. \nEste s√≠ndrome metab√≥lico asociado a SOP modifica profundamente nuestro enfoque cl√≠nico y terap√©utico. \nEn primer lugar, un cribado de s√≠ndrome metab√≥lico (glucemia basal, perfil lip√≠dico, presi√≥n arterial y obesidad abdominal) y prueba de tolerancia a la glucosa, se recomienda en todas las mujeres con SOP y obesidad, si bien la utilidad de estos estudios no est√° bien determinada en el normopeso. \nEn segundo lugar, aparte del tratamiento del hirsutismo y de la alteraci√≥n menstrual, los objetivos de tratamiento se deben centrar en la prevenci√≥n de la diabetes mellitus tipo 2 y posiblemente la enfermedad cardiovascular. \nFinalmente, en el objetivo de la prevenci√≥n de diabetes mellitus tipo 2, la modificaci√≥n de h√°bitos diet√©ticos y ejercicio f√≠sico son el pilar del tratamiento, y actualmente los f√°rmacos hipoglucemiantes que aumentan la sensibilidad a insulina tienen un papel adyuvante.\nt\0\ntext/plainpt\0ficherost\0100159_21-12-2013.txtpsr\0java.io.File-§E\r\‰ˇ\0L\0pathq\0~\0xpt\0{C:\\Users\\leire\\Desktop\\Proyecto\\.metadata\\.plugins\\org.eclipse.wst.server.core\\tmp0\\work\\Catalina\\localhost\\GestionInformesw\0\\xx','2013-12-21',1),(6,'¨\Ì\0sr\0>org.springframework.web.multipart.commons.CommonsMultipartFileÄÕéáù\◊\0J\0sizeL\0fileItemt\0(Lorg/apache/commons/fileupload/FileItem;xp\0\0\0\0\0\0πsr\0/org.apache.commons.fileupload.disk.DiskFileItem\rr&Éöàq\0\nZ\0isFormFieldJ\0sizeI\0\rsizeThreshold[\0\rcachedContentt\0[BL\0contentTypet\0Ljava/lang/String;L\0dfosFilet\0Ljava/io/File;L\0	fieldNameq\0~\0L\0fileNameq\0~\0L\0headerst\0/Lorg/apache/commons/fileupload/FileItemHeaders;L\0\nrepositoryq\0~\0xp\0ˇˇˇˇˇˇˇˇ\0\0(\0ur\0[B¨Û¯T\‡\0\0xp\0\0πT3	Grp_Enfermedad 573 594;600 605	fibrilaci√≥n auricular lenta\nT4	Grp_Medicamento 645 652	f√°rmaco\nT5	Grp_Medicamento 695 703	digoxina\nT8	Grp_Medicamento 838 868	f√°rmacos cronotropos negativos\nT9	Grp_Medicamento 906 915	diur√©tico\nT12	Grp_medicamento_con_abreviatura 974 978	IECA\nT13	Grp_Enfermedad 1003 1022	insuficiencia renal\nT15	Grp_Enfermedad 1203 1222	insuficiencia renal\nT16	Grp_Enfermedad 48 85	bradiarritmias secundarias a f√°rmacos\nE1	Grp_Enfermedad:T16 Causada_por2:T5 Causada_por3:T8 Causada_por4:T9 Causada_por5:T6 Causada_por6:T12\nT17	Grp_Enfermedad 87 91	BRSF\nE2	Grp_Enfermedad:T17 Causada_por:T5 Causada_por2:T8 Causada_por3:T9 Causada_por4:T6 Causada_por5:T12\nT2	Grp_Enfermedad 219 223	BRSF\nE3	Grp_Enfermedad:T2 Causada_por:T5 Causada_por2:T8 Causada_por3:T9 Causada_por4:T6 Causada_por5:T12\nT18	Grp_Enfermedad 308 312	BRSF\nE4	Grp_Enfermedad:T18 Causada_por:T5 Causada_por2:T8 Causada_por3:T9 Causada_por4:T6 Causada_por5:T12\nT19	Grp_Enfermedad 547 551	BRSF\nE5	Grp_Enfermedad:T19 Causada_por:T5 Causada_por2:T8 Causada_por3:T9 Causada_por4:T6 Causada_por5:T12\nT20	Grp_Enfermedad 596 598	FA\nE6	Grp_Enfermedad:T20 \nT21	Grp_Enfermedad 623 627	BRSF\nE7	Grp_Enfermedad:T21 Causada_por:T4 Causada_por2:T5 Causada_por3:T8 Causada_por4:T9 Causada_por5:T6 Causada_por6:T12\nE8	Grp_Enfermedad:T3 Causada_por:T8 Causada_por2:T5 Causada_por3:T9 Causada_por4:T6 Causada_por5:T12\nT6	Grp_Medicamento 920 972	inhibidor de la enzima conversiva de la angiotensina\nT10	Grp_Enfermedad 1027 1051	alteraciones del potasio\nE9	Grp_Enfermedad:T10 Causada_por:T9 Causada_por2:T6 Causada_por3:T12\nE10	Grp_Enfermedad:T13 Causada_por:T9 Causada_por2:T6 Causada_por3:T12\nT11	Grp_Enfermedad 1072 1076	BRSF\nE11	Grp_Enfermedad:T11 Causada_por:T14 Causada_por2:T15 Causada_por3:T12 Causada_por4:T6 Causada_por5:T9 Causada_por6:T8 Causada_por7:T5\nT14	Grp_Medicamento 1171 1198	asociaciones farmacol√≥gicas\nE12	Grp_Enfermedad:T15 Causada_por:T12 Causada_por2:T6 Causada_por3:T9\n#1	AnnotatorNotes T12	sigla: inhibidor del enzima conversor de la angiotensina\nT7	Abreviatura 87 91	BRSF\n#2	AnnotatorNotes T7	abreviatura no oficial: bradiarritmias secundarias a f√°rmacos\nT22	Abreviatura 219 223	BRSF\n#3	AnnotatorNotes T22	abreviatura no oficial: bradiarritmias secundarias a f√°rmacos\nT23	Abreviatura 308 312	BRSF\n#4	AnnotatorNotes T23	abreviatura no oficial: bradiarritmias secundarias a f√°rmacos\nT24	Abreviatura 547 551	BRSF\n#5	AnnotatorNotes T24	abreviatura no oficial: bradiarritmias secundarias a f√°rmacos\nT25	Abreviatura 596 598	FA\n#6	AnnotatorNotes T25	sigla: fibrilaci√≥n auricular (contexto), faringoscopia anterior, farmacoactivo, fase acelerada, fecha de alta, femoroacetabular, fibroadenoma, flutter auricular, foco a√≥rtico, fontanela anterior, fosfatasa √°cida, fosfatasa alcalina\nT26	Abreviatura 623 627	BRSF\n#7	AnnotatorNotes T26	abreviatura no oficial: bradiarritmias secundarias a f√°rmacos\nT1	Abreviatura 1072 1076	BRSF\n#8	AnnotatorNotes T1	abreviatura no oficial: bradiarritmias secundarias a f√°rmacos\nt\0application/octet-streampt\0ficherost\0103581_08-02-2015.annpsr\0java.io.File-§E\r\‰ˇ\0L\0pathq\0~\0xpt\0{C:\\Users\\leire\\Desktop\\Proyecto\\.metadata\\.plugins\\org.eclipse.wst.server.core\\tmp0\\work\\Catalina\\localhost\\GestionInformesw\0\\xx','¨\Ì\0sr\0>org.springframework.web.multipart.commons.CommonsMultipartFileÄÕéáù\◊\0J\0sizeL\0fileItemt\0(Lorg/apache/commons/fileupload/FileItem;xp\0\0\0\0\0\0\ﬁsr\0/org.apache.commons.fileupload.disk.DiskFileItem\rr&Éöàq\0\nZ\0isFormFieldJ\0sizeI\0\rsizeThreshold[\0\rcachedContentt\0[BL\0contentTypet\0Ljava/lang/String;L\0dfosFilet\0Ljava/io/File;L\0	fieldNameq\0~\0L\0fileNameq\0~\0L\0headerst\0/Lorg/apache/commons/fileupload/FileItemHeaders;L\0\nrepositoryq\0~\0xp\0ˇˇˇˇˇˇˇˇ\0\0(\0ur\0[B¨Û¯T\‡\0\0xp\0\0\ﬁFundamento y objetivo: La informaci√≥n sobre las bradiarritmias secundarias a f√°rmacos (BRSF) causantes de ingresos hospitalarios es escasa. \nEl objetivo de este trabajo fue estimar la magnitud y las consecuencias de la BRSF en nuestro √°mbito. \nPacientes y m√©todo: An√°lisis retrospectivo de los pacientes con BRSF ingresados en los Servicios de Cardiolog√≠a (SC) y Medicina Interna (SMI) de un hospital terciario durante dos a√±os consecutivos. \nResultados: Hallamos 83 casos (edad media: 72,68 a√±os), de los que el 75,9% correspondi√≥ a mujeres. \nLa BRSF m√°s frecuente fue la fibrilaci√≥n auricular (FA) lenta (55,4%). \nDichas BRSF se debieron a un f√°rmaco en 41 casos y a una asociaci√≥n en 42. \nLa digoxina fue el f√°rmaco m√°s frecuentemente implicado (62,7%), a menudo asociada a otro f√°rmaco (69,3%). \nLa asociaci√≥n m√°s frecuente fue la de f√°rmacos cronotropos negativos (58%), seguida de la de √©stos con un diur√©tico y/o inhibidor de la enzima conversiva de la angiotensina (IECA) (42,8%), condicionando insuficiencia renal y/o alteraciones del potasio. \nConclusiones: Las BRSF son un frecuente motivo de ingreso en personas mayores, sobre todo mujeres, a menudo debido a asociaciones farmacol√≥gicas y/o insuficiencia renal.\nt\0\ntext/plainpt\0ficherost\0103581_08-02-2015.txtpsr\0java.io.File-§E\r\‰ˇ\0L\0pathq\0~\0xpt\0{C:\\Users\\leire\\Desktop\\Proyecto\\.metadata\\.plugins\\org.eclipse.wst.server.core\\tmp0\\work\\Catalina\\localhost\\GestionInformesw\0\\xx','2015-02-08',1),(7,'¨\Ì\0sr\0>org.springframework.web.multipart.commons.CommonsMultipartFileÄÕéáù\◊\0J\0sizeL\0fileItemt\0(Lorg/apache/commons/fileupload/FileItem;xp\0\0\0\0\0\0≤sr\0/org.apache.commons.fileupload.disk.DiskFileItem\rr&Éöàq\0\nZ\0isFormFieldJ\0sizeI\0\rsizeThreshold[\0\rcachedContentt\0[BL\0contentTypet\0Ljava/lang/String;L\0dfosFilet\0Ljava/io/File;L\0	fieldNameq\0~\0L\0fileNameq\0~\0L\0headerst\0/Lorg/apache/commons/fileupload/FileItemHeaders;L\0\nrepositoryq\0~\0xp\0ˇˇˇˇˇˇˇˇ\0\0(\0ur\0[B¨Û¯T\‡\0\0xp\0\0≤T1	Grp_Enfermedad 3 17	diabetes tipo1\nT3	Estructura_Corporal 116 138	c√©lulas Œ≤ pancre√°ticas\nT11	Grp_Enfermedad 319 328	cetonuria\nT13	Grp_Medicamento 432 440	insulina\nT15	Grp_Enfermedad 575 588	hipoglucemias\nT18	Grp_Enfermedad 19 22	DM1\nE1	Grp_Enfermedad:T18 Tratamiento:T13\nT2	Grp_Enfermedad 31 60	enfermedad autoinmune cr√≥nica\nE2	Grp_Enfermedad:T2 \nT4	Grp_Enfermedad 157 189	deficiencia absoluta de insulina\nE3	Grp_Enfermedad:T4 Tratamiento:T13 Causada_por:E8 Causada_por2:E1 Tratamiento2:T12\nT5	Grp_Enfermedad 356 368	hipoglicemia\nE4	Grp_Enfermedad:T5 Causada_por:T13 Causada_por2:T12\nT6	Grp_Enfermedad 622 641	enfermedad tiroidea\nE5	Grp_Enfermedad:T6 \nT7	Grp_Enfermedad 622 632;644 651	enfermedad cel√≠aca\nE6	Grp_Enfermedad:T7 \nT8	Grp_Enfermedad 966 969	DM1\nE7	Grp_Enfermedad:T8 Tratamiento:T13 Tratamiento2:T12\nE8	Grp_Enfermedad:T1 Tratamiento:T13\nE9	Grp_Enfermedad:T15 Causada_por:T13 Causada_por2:T12\nT9	Abreviatura 19 21	DM\n#1	AnnotatorNotes T9	sigla: diabetes mellitus (contexto), densitometr√≠a, dermatomiositis, duramadre\nT10	Abreviatura 966 968	DM\n#2	AnnotatorNotes T10	sigla: diabetes mellitus (contexto), densitometr√≠a, dermatomiositis, duramadre\nT12	Grp_Medicamento 273 281	insulina\nt\0application/octet-streampt\0ficherost\0100147_10-12-2013.annpsr\0java.io.File-§E\r\‰ˇ\0L\0pathq\0~\0xpt\0{C:\\Users\\leire\\Desktop\\Proyecto\\.metadata\\.plugins\\org.eclipse.wst.server.core\\tmp0\\work\\Catalina\\localhost\\GestionInformesw\0\\xx','¨\Ì\0sr\0>org.springframework.web.multipart.commons.CommonsMultipartFileÄÕéáù\◊\0J\0sizeL\0fileItemt\0(Lorg/apache/commons/fileupload/FileItem;xp\0\0\0\0\0\0\„sr\0/org.apache.commons.fileupload.disk.DiskFileItem\rr&Éöàq\0\nZ\0isFormFieldJ\0sizeI\0\rsizeThreshold[\0\rcachedContentt\0[BL\0contentTypet\0Ljava/lang/String;L\0dfosFilet\0Ljava/io/File;L\0	fieldNameq\0~\0L\0fileNameq\0~\0L\0headerst\0/Lorg/apache/commons/fileupload/FileItemHeaders;L\0\nrepositoryq\0~\0xp\0ˇˇˇˇˇˇˇˇ\0\0(\0ur\0[B¨Û¯T\‡\0\0xp\0\0\„La diabetes tipo1 (DM1) es una enfermedad autoinmune cr√≥nica en la que se produce una destrucci√≥n progresiva de las c√©lulas Œ≤ pancre√°ticas que conduce a una deficiencia absoluta de insulina.\n\nEl manejo al principio incluye educaci√≥n diabetol√≥gica b√°sica (administraci√≥n de insulina, determinaci√≥n de glucemia capilar y cetonuria, prevenci√≥n y manejo de la hipoglicemia...). \nMediante la instauraci√≥n de un tratamiento intensivo con insulina se persigue el objetivo de mantener los niveles de glucemia lo m√°s pr√≥ximos a la normalidad de forma segura, evitando la aparici√≥n de hipoglucemias. \nSe recomienda el cribado de la enfermedad tiroidea y cel√≠aca al inicio, pero no la determinaci√≥n de los anticuerpos antipancre√°ticos. \nLa prueba de la tolerancia oral a la comida mixta es la de elecci√≥n para valorar la funci√≥n pancre√°tica, pero no se utiliza de forma rutinaria en la pr√°ctica cl√≠nica habitual y suele reservarse para estudios de intervenci√≥n al inicio de la DM1.\nt\0\ntext/plainpt\0ficherost\0100147_10-12-2013.txtpsr\0java.io.File-§E\r\‰ˇ\0L\0pathq\0~\0xpt\0{C:\\Users\\leire\\Desktop\\Proyecto\\.metadata\\.plugins\\org.eclipse.wst.server.core\\tmp0\\work\\Catalina\\localhost\\GestionInformesw\0\\xx','2013-12-10',1);
/*!40000 ALTER TABLE `informes` ENABLE KEYS */;
UNLOCK TABLES;

--
-- Table structure for table `medicamento_informe`
--

DROP TABLE IF EXISTS `medicamento_informe`;
/*!40101 SET @saved_cs_client     = @@character_set_client */;
/*!40101 SET character_set_client = utf8 */;
CREATE TABLE `medicamento_informe` (
  `idInforme` int(11) NOT NULL,
  `idMedicamento` int(11) NOT NULL,
  PRIMARY KEY (`idInforme`,`idMedicamento`)
) ENGINE=InnoDB DEFAULT CHARSET=utf8;
/*!40101 SET character_set_client = @saved_cs_client */;

--
-- Dumping data for table `medicamento_informe`
--

LOCK TABLES `medicamento_informe` WRITE;
/*!40000 ALTER TABLE `medicamento_informe` DISABLE KEYS */;
INSERT INTO `medicamento_informe` VALUES (1,1),(2,2),(3,3),(3,4),(3,5),(3,6),(3,7),(3,8),(4,1),(5,2),(6,3),(6,4),(6,5),(6,6),(6,7),(6,8),(7,1);
/*!40000 ALTER TABLE `medicamento_informe` ENABLE KEYS */;
UNLOCK TABLES;

--
-- Table structure for table `medicamentos`
--

DROP TABLE IF EXISTS `medicamentos`;
/*!40101 SET @saved_cs_client     = @@character_set_client */;
/*!40101 SET character_set_client = utf8 */;
CREATE TABLE `medicamentos` (
  `id` int(11) NOT NULL AUTO_INCREMENT,
  `descripcion` varchar(500) DEFAULT NULL,
  PRIMARY KEY (`id`)
) ENGINE=InnoDB AUTO_INCREMENT=9 DEFAULT CHARSET=utf8;
/*!40101 SET character_set_client = @saved_cs_client */;

--
-- Dumping data for table `medicamentos`
--

LOCK TABLES `medicamentos` WRITE;
/*!40000 ALTER TABLE `medicamentos` DISABLE KEYS */;
INSERT INTO `medicamentos` VALUES (1,'INSULINA'),(2,'F√ÅRMACOS HIPOGLUCEMIANTES'),(3,'F√ÅRMACO'),(4,'DIGOXINA'),(5,'F√ÅRMACOS CRONOTROPOS NEGATIVOS'),(6,'DIUR√âTICO'),(7,'INHIBIDOR DE LA ENZIMA CONVERSIVA DE LA ANGIOTENSINA'),(8,'ASOCIACIONES FARMACOL√ìGICAS');
/*!40000 ALTER TABLE `medicamentos` ENABLE KEYS */;
UNLOCK TABLES;
/*!40103 SET TIME_ZONE=@OLD_TIME_ZONE */;

/*!40101 SET SQL_MODE=@OLD_SQL_MODE */;
/*!40014 SET FOREIGN_KEY_CHECKS=@OLD_FOREIGN_KEY_CHECKS */;
/*!40014 SET UNIQUE_CHECKS=@OLD_UNIQUE_CHECKS */;
/*!40101 SET CHARACTER_SET_CLIENT=@OLD_CHARACTER_SET_CLIENT */;
/*!40101 SET CHARACTER_SET_RESULTS=@OLD_CHARACTER_SET_RESULTS */;
/*!40101 SET COLLATION_CONNECTION=@OLD_COLLATION_CONNECTION */;
/*!40111 SET SQL_NOTES=@OLD_SQL_NOTES */;

-- Dump completed on 2018-06-10 10:49:30
